organism_id,ShootArea,distFromHypocotyl,chlorophyll,Root_area,tortuosity,PR_length,LR_length,plant_id
1,0.094,2.569,1.603,0.225,1.092,3.176,9.60,A1_1
2,0.017,0.000,0.264,0.055,1.085,1.525,1.00,A1_2
3,0.015,2.569,0.175,0.225,1.081,1.134,9.60,A1_3
4,0.017,0.000,0.183,0.016,1.030,0.816,0.00,A1_4
5,0.068,2.699,1.310,0.297,1.105,5.99,10.36,A1_5
6,0.083,2.699,1.605,0.297,1.064,6.638,10.36,A1_6
7,0.136,2.699,2.777,0.297,1.178,6.407,10.36,A1_7
8,0.146,2.699,2.896,0.297,1.087,4.743,10.36,A1_8
9,0.047,2.699,0.913,0.297,1.080,6.232,10.36,A1_9
10,0.131,1.905,2.601,0.396,1.120,7.076,18.00,A1_10
11,0.103,2.699,2.565,0.297,1.077,7.379,10.36,A1_11
12,0.078,2.699,2.207,0.297,1.117,10.335,10.36,A1_12
13,0.081,2.699,2.590,0.297,1.089,10.417,10.36,A1_13
14,0.191,2.699,5.549,0.297,1.154,11.232,10.36,A1_14
15,0.204,2.699,5.359,0.297,1.130,5.319,10.36,A1_15
16,0.116,2.699,3.348,0.297,1.142,10.171,10.36,A1_16
17,0.028,0.253,0.758,0.031,1.047,0.873,3.00,A1_17
18,0.250,2.569,5.416,0.225,1.079,10.206,9.60,A1_18
19,0.169,2.569,3.777,0.225,1.085,8.004,9.60,A1_19
20,0.041,2.569,1.194,0.225,1.089,3.832,9.60,A1_20
21,0.024,0.019,0.293,0.030,1.127,1.143,2.00,A2_1
22,0.163,2.381,2.571,0.315,1.078,6.391,14.00,A2_2
23,0.018,0.000,0.158,0.020,1.071,0.848,1.00,A2_3
24,0.025,2.571,0.389,0.191,1.074,2.461,6.00,A2_4
25,0.014,2.571,0.134,0.191,1.083,0.487,6.00,A2_5
26,0.072,1.673,1.296,0.290,1.082,7.081,13.00,A2_6
27,0.140,2.955,2.197,0.159,1.069,5.739,6.25,A2_7
28,0.018,2.955,0.223,0.159,1.087,0.761,6.25,A2_8
29,0.024,0.000,0.335,0.035,1.061,1.895,1.00,A2_9
30,0.185,2.955,3.078,0.159,1.110,10.62,6.25,A2_10
31,0.115,2.955,2.157,0.159,1.072,4.184,6.25,A2_11
32,0.024,0.000,0.392,0.055,1.079,2.664,1.00,A2_12
33,0.021,2.571,0.347,0.191,1.082,10.239,6.00,A2_13
34,0.130,2.571,2.059,0.191,1.083,4.371,6.00,A2_14
35,0.107,2.571,1.809,0.191,1.074,5.218,6.00,A2_15
36,0.028,0.933,0.402,0.063,1.057,2.638,2.00,A2_16
37,0.016,2.381,0.226,0.315,1.082,9.805,14.00,A2_17
38,0.159,0.100,2.506,0.129,1.084,3.108,6.00,A2_18
39,0.098,2.476,1.720,0.340,1.105,10.268,13.00,A2_19
40,0.105,2.476,1.939,0.340,1.078,4.474,13.00,A2_20
41,0.241,1.736,5.138,0.274,1.144,6.252,9.67,B1_1
42,0.151,1.736,3.390,0.274,1.138,6.881,9.67,B1_2
43,0.143,2.302,2.556,0.303,1.150,7.523,11,B1_3
44,0.064,2.302,1.388,0.303,1.106,7.57,11,B1_4
45,0.074,2.147,1.927,0.236,1.147,7.002,9,B1_5
46,0.058,2.367,1.498,0.390,1.151,7.35,14,B1_6
47,0.178,2.215,3.935,0.314,1.106,7.622,13.17,B1_7
48,0.094,2.215,1.755,0.314,1.121,7.557,13.17,B1_8
49,0.085,1.573,1.398,0.153,1.132,5.396,5,B1_9
50,0.111,1.134,2.238,0.240,1.157,7.557,9,B1_10
51,0.004,0.378,0.009,0.028,1.261,1.006,2,B1_11
52,0.130,2.215,2.707,0.314,1.132,9.864,13.17,B1_12
53,0.137,2.215,3.029,0.314,1.174,3.614,13.17,B1_13
54,0.205,2.215,4.412,0.314,1.207,7.051,13.17,B1_14
55,0.002,2.215,0.026,0.314,1.102,10.015,13.17,B1_15
56,0.138,2.302,2.925,0.303,1.130,4.442,11,B1_16
57,0.076,2.302,1.796,0.303,1.119,8.147,11,B1_17
58,0.137,1.736,3.236,0.274,1.126,5.105,9.67,B1_18
59,0.117,2.389,2.388,0.293,1.091,5.654,10.14,B2_1
60,0.133,2.389,2.629,0.293,1.127,7.032,10.14,B2_2
61,0.051,2.389,1.176,0.293,1.182,8.044,10.14,B2_3
62,0.121,1.195,1.891,0.172,1.117,5.181,3.00,B2_4
63,0.168,2.810,3.612,0.408,1.131,7.885,13.63,B2_5
64,0.109,2.810,2.057,0.408,1.139,8.202,13.63,B2_6
65,0.073,2.810,1.482,0.408,1.132,8.104,13.63,B2_7
66,0.172,2.810,3.601,0.408,1.135,8.136,13.63,B2_8
67,0.056,2.810,1.162,0.408,1.109,7.013,13.63,B2_9
68,0.138,2.108,2.496,0.308,1.118,7.844,8.00,B2_10
69,0.071,2.810,1.203,0.408,1.103,8.617,13.63,B2_11
70,0.103,2.810,2.281,0.408,1.176,6.072,13.63,B2_12
71,0.100,2.810,1.990,0.408,1.118,11.356,13.63,B2_13
72,0.123,0.440,2.674,0.093,1.110,3.524,3.00,B2_14
73,0.076,2.389,1.423,0.293,1.134,9.238,10.14,B2_15
74,0.156,2.389,3.118,0.293,1.149,10.172,10.14,B2_16
75,0.120,2.389,2.447,0.293,1.166,6.167,10.14,B2_17
76,0.050,2.389,0.975,0.293,1.134,3.573,10.14,B2_18
77,0.096,1.106,2.782,0.141,1.111,3.936,8,C1_1
78,0.019,0.000,0.343,0.036,1.069,1.6,0,C1_2
79,0.012,0.000,0.286,0.066,1.079,2.635,1,C1_3
80,0.127,1.342,3.168,0.278,1.080,9.203,9,C1_4
81,0.016,1.804,0.329,0.184,1.081,6.255,6,C1_5
82,0.185,1.923,4.196,0.407,1.091,10.311,15,C1_6
83,0.132,2.096,3.254,0.174,1.096,5.55,8,C1_7
84,0.039,2.096,0.798,0.174,1.123,4.089,8,C1_8
85,0.169,2.096,3.633,0.174,1.083,9.681,8,C1_9
86,0.087,0.000,1.905,0.019,1.049,0.607,1,C1_10
87,0.014,0.000,0.264,0.007,1.214,0.2,0,C1_11
88,0.039,0.539,0.840,0.080,1.213,2.159,2,C1_12
89,0.066,2.573,1.578,0.168,1.085,10.313,5.5,C1_13
90,0.014,2.573,0.200,0.168,1.042,0.835,5.5,C1_14
91,0.137,2.087,3.299,0.200,1.121,6.527,9,C1_15
92,0.111,0.000,2.828,0.007,1.262,0.151,1,C1_16
93,0.073,0.000,2.108,0.157,1.089,3.64,5,C1_17
94,0.015,0.000,0.346,0.018,1.073,0.913,0,C1_18
95,0.011,0.000,0.164,0.008,1.065,0.185,0,C1_19
96,0.089,0.618,1.856,0.113,1.090,3.273,5,C2_1
97,0.112,1.881,2.331,0.192,1.084,5.654,6,C2_2
98,0.109,1.973,2.402,0.144,1.057,5.167,5,C2_3
99,0.110,1.881,2.431,0.192,1.081,5.981,6,C2_4
100,0.012,0.912,0.171,0.092,1.065,0.208,3,C2_5
101,0.117,0.000,2.447,0.009,1.054,0.105,1,C2_6
102,0.011,0.912,0.138,0.092,1.116,4.429,3,C2_7
103,0.141,2.151,2.691,0.231,1.093,7.081,13,C2_8
104,0.082,0.000,1.517,0.007,1.338,0.252,0,C2_9
105,0.083,0.712,1.782,0.192,1.067,6.821,5,C2_10
106,0.152,1.384,3.149,0.165,1.091,7.095,7.5,C2_11
107,0.061,1.384,0.938,0.165,1.106,3.687,7.5,C2_12
108,0.123,1.634,2.732,0.163,1.098,7.154,5.5,C2_13
109,0.079,1.634,1.748,0.163,1.121,4.692,5.5,C2_14
110,0.023,1.634,0.365,0.163,1.092,2.516,5.5,C2_15
111,0.116,1.634,2.591,0.163,1.123,4.638,5.5,C2_16
112,0.062,0.881,1.201,0.114,1.068,3.849,5,C2_17
113,0.013,0.000,0.186,0.018,1.045,0.725,1,C2_18
114,0.057,1.125,1.108,0.155,1.099,3.384,4,C2_19
115,0.018,0.000,0.263,0.019,1.057,0.894,0,C2_20
116,0.007,0.000,0.116,0.004,1.077,0.209,0,C2_21
117,0.218,2.297,4.506,0.304,1.152,8.186,12,D1_1
118,0.275,0.780,5.361,0.274,1.117,4.757,10,D1_2
119,0.094,2.297,1.841,0.304,1.119,5.477,12,D1_3
120,0.178,2.297,3.327,0.304,1.302,8.22,12,D1_4
121,0.323,1.799,6.845,0.274,1.172,8.288,14.5,D1_5
122,0.034,1.799,0.657,0.274,1.116,5.186,14.5,D1_6
123,0.349,2.515,7.566,0.397,1.149,8.229,15,D1_7
124,0.229,2.515,5.085,0.397,1.132,10.914,15,D1_8
125,0.228,2.515,4.427,0.397,1.119,8.511,15,D1_9
126,0.101,2.515,1.948,0.397,1.110,6.996,15,D1_10
127,0.356,2.515,7.834,0.397,1.142,8.326,15,D1_11
128,0.313,2.515,7.265,0.397,1.123,10.303,15,D1_12
129,0.125,2.515,2.400,0.397,1.123,8.103,15,D1_13
130,0.269,2.515,5.251,0.397,1.223,10.854,15,D1_14
131,0.110,2.515,2.321,0.397,1.161,8.486,15,D1_15
132,0.301,2.515,6.022,0.397,1.140,8.272,15,D1_16
133,0.199,2.148,4.338,0.304,1.151,8.157,12.6,D2_1
134,0.388,2.570,7.436,0.391,1.126,9.149,15,D2_2
135,0.322,2.148,7.372,0.304,1.322,8.188,12.6,D2_3
136,0.198,2.148,3.985,0.304,1.209,5.422,12.6,D2_4
137,0.172,2.148,3.565,0.304,1.115,5.182,12.6,D2_5
138,0.275,2.148,5.836,0.304,1.158,8.219,12.6,D2_6
139,0.189,2.846,3.894,0.399,1.116,8.116,15.3,D2_7
140,0.108,2.846,2.190,0.399,1.112,8.456,15.3,D2_8
141,0.326,2.846,5.467,0.399,1.100,10.677,15.3,D2_9
142,0.172,2.846,3.667,0.399,1.145,8.365,15.3,D2_10
143,0.275,2.846,4.659,0.399,1.124,10.808,15.3,D2_11
144,0.177,2.846,3.607,0.399,1.117,10.196,15.3,D2_12
145,0.242,2.846,4.817,0.399,1.112,7.718,15.3,D2_13
146,0.255,2.846,3.919,0.399,1.268,11.599,15.3,D2_14
147,0.101,2.846,2.023,0.399,1.202,2.645,15.3,D2_15
148,0.256,2.846,5.406,0.399,1.120,8.163,15.3,D2_16
149,0.053,0.000,0.609,0.085,1.092,3.328,0,E1_1
150,0.055,0.203,0.748,0.135,1.078,4.796,4,E1_2
151,0.223,1.573,3.531,0.340,1.088,7.124,10,E1_3
152,0.080,0.000,0.859,0.042,1.061,3.486,0,E1_4
153,0.047,0.130,0.624,0.100,1.060,3.661,2,E1_5
154,0.045,0.000,0.499,0.027,1.053,2.217,1,E1_6
155,0.035,0.481,0.311,0.072,1.069,2.746,1.5,E1_7
156,0.155,0.481,2.956,0.072,1.056,3.269,1.5,E1_8
157,0.032,0.000,0.293,0.034,1.076,1.918,0,E1_9
158,0.292,0.000,4.603,0.066,1.107,4.307,1,E1_10
159,0.138,0.000,2.715,0.035,1.052,3.56,0,E1_11
160,0.021,0.000,0.153,0.025,1.059,1.375,0,E1_12
161,0.042,0.000,0.416,0.026,1.023,1.488,1,E1_13
162,0.113,0.000,2.101,0.048,1.056,4.375,1,E1_14
163,0.083,0.621,1.339,0.160,1.045,4.457,4,E1_15
164,0.040,0.000,0.432,0.024,1.044,2.049,1,E1_16
165,0.095,1.402,1.410,0.182,1.045,5.235,7,E1_17
166,0.049,0.267,0.621,0.156,1.051,4.885,4,E1_18
167,0.029,0.000,0.361,0.081,1.062,2.586,1,E1_19
168,0.029,0.000,0.332,0.074,1.063,2.626,1,E1_20
169,0.122,0.309,2.081,0.117,1.076,4.365,4,E2_1
170,0.011,0.000,0.127,0.003,1.071,0.107,0,E2_2
171,0.231,0.831,4.187,0.199,1.072,5.829,5,E2_3
172,0.098,1.331,1.484,0.108,1.071,3.467,3,E2_4
173,0.089,0.746,1.475,0.113,1.053,3.724,5,E2_5
174,0.008,0.000,0.074,0.005,1.031,0.103,0,E2_6
175,0.063,0.000,0.860,0.096,1.057,3.937,1,E2_7
176,0.037,0.000,0.433,0.020,1.060,1.551,0,E2_8
177,0.141,0.918,2.467,0.122,1.050,4.87,2,E2_9
178,0.098,1.412,1.218,0.119,1.048,4.444,2,E2_10
179,0.018,0.000,0.336,0.004,1.071,0.45,0,E2_11
180,0.080,0.000,1.359,0.062,1.068,3.908,2,E2_12
181,0.097,0.000,1.078,0.028,1.061,2.146,0,E2_13
182,0.203,1.858,3.702,0.215,1.075,5.608,8,E2_14
183,0.032,0.000,0.361,0.029,1.078,1.836,1,E2_15
184,0.066,0.564,1.057,0.137,1.109,4.416,3,E2_16
185,0.071,1.550,0.739,0.100,1.111,1.942,3,E2_17
186,0.106,1.550,1.482,0.100,1.099,5.351,3,E2_18
187,0.187,2.348,4.250,0.259,1.102,11.163,10.14,F1_1
188,0.132,1.473,3.033,0.183,1.082,7.419,5,F1_2
189,0.041,1.473,0.674,0.183,1.116,7.537,5,F1_3
190,0.171,2.348,3.394,0.259,1.087,7.38,10.14,F1_4
191,0.049,2.348,0.958,0.259,1.085,7.545,10.14,F1_5
192,0.099,2.348,2.176,0.259,1.114,10.897,10.14,F1_6
193,0.150,2.348,2.597,0.259,1.085,7.259,10.14,F1_7
194,0.017,2.348,0.211,0.259,1.092,6.605,10.14,F1_8
195,0.132,2.348,2.527,0.259,1.106,4.745,10.14,F1_9
196,0.022,2.274,0.302,0.189,1.088,6.39,7.75,F1_10
197,0.017,2.274,0.195,0.189,1.087,4.319,7.75,F1_11
198,0.184,2.274,3.235,0.189,1.204,10.711,7.75,F1_12
199,0.098,2.274,1.372,0.189,1.098,7.228,7.75,F1_13
200,0.043,0.872,0.637,0.167,1.105,4.202,4.67,F1_14
201,0.089,0.872,1.512,0.167,1.110,7.343,4.67,F1_15
202,0.044,0.872,0.600,0.167,1.109,6.559,4.67,F1_16
203,0.080,0.940,1.040,0.137,1.094,6.216,7,F1_17
204,0.107,1.496,1.652,0.186,1.128,2.454,8.67,F1_18
205,0.104,1.496,1.466,0.186,1.136,5.318,8.67,F1_19
206,0.105,1.496,1.583,0.186,1.208,4.449,8.67,F1_20
207,0.149,2.433,3.648,0.291,1.117,10.499,13.6,F2_1
208,0.045,2.433,0.945,0.291,1.115,7.023,13.6,F2_2
209,0.064,2.433,1.242,0.291,1.114,7.229,13.6,F2_3
210,0.213,2.433,4.404,0.291,1.099,10.234,13.6,F2_4
211,0.100,2.433,1.737,0.291,1.107,6.994,13.6,F2_5
212,0.195,2.807,3.866,0.348,1.098,10.27,14.67,F2_6
213,0.025,2.807,0.267,0.348,1.041,1.095,14.67,F2_7
214,0.161,2.807,3.119,0.348,1.103,10.251,14.67,F2_8
215,0.263,2.807,4.364,0.348,1.091,7.037,14.67,F2_9
216,0.214,2.807,3.332,0.348,1.105,7.154,14.67,F2_10
217,0.159,2.807,2.985,0.348,1.080,10.166,14.67,F2_11
218,0.103,2.807,1.752,0.348,1.095,10.218,14.67,F2_12
219,0.152,2.807,1.866,0.348,1.091,7.055,14.67,F2_13
220,0.112,2.807,1.786,0.348,1.059,10.033,14.67,F2_14
221,0.046,3.140,0.525,0.282,1.077,8.996,13.5,F2_15
222,0.133,3.140,1.728,0.282,1.101,7.056,13.5,F2_16
223,0.104,2.513,1.325,0.289,1.093,7.125,13,F2_17
224,0.020,0.000,0.218,0.029,1.040,0.822,2,F2_18
225,0.220,3.103,3.604,0.379,1.112,10.026,18,F2_19
226,0.189,3.103,2.869,0.379,1.094,4.657,18,F2_20
227,0.163,2.111,3.801,0.229,1.160,2.948,10.63,F3_1
228,0.054,2.111,0.814,0.229,1.169,4.498,10.63,F3_2
229,0.076,2.111,1.374,0.229,1.135,7.755,10.63,F3_3
230,0.055,2.111,1.185,0.229,1.132,5.359,10.63,F3_4
231,0.054,2.111,0.962,0.229,1.132,7.856,10.63,F3_5
232,0.074,2.111,1.109,0.229,1.121,6.277,10.63,F3_6
233,0.201,2.111,3.786,0.229,1.111,8.198,10.63,F3_7
234,0.307,2.111,6.594,0.229,1.136,7.24,10.63,F3_8
235,0.040,1.472,0.609,0.144,1.174,5.906,6,F3_9
236,0.302,2.624,5.507,0.384,1.099,7.56,10,F3_10
237,0.018,0.123,0.259,0.029,1.161,1.199,3,F3_11
238,0.101,2.607,2.036,0.296,1.235,8.564,16.8,F3_12
239,0.040,2.607,0.617,0.296,1.096,7.361,16.8,F3_13
240,0.029,2.607,0.398,0.296,1.090,2.65,16.8,F3_14
241,0.226,2.607,4.414,0.296,1.137,11.115,16.8,F3_15
242,0.060,2.607,1.144,0.296,1.184,7.528,16.8,F3_16
243,0.103,2.444,2.233,0.397,1.108,8.599,21.5,F3_17
244,0.091,2.444,1.910,0.397,1.187,8.072,21.5,F3_18
245,0.062,2.662,1.423,0.579,1.190,10.706,15.33,G1_1
246,0.096,2.662,2.322,0.579,1.133,8.094,15.33,G1_2
247,0.190,3.315,4.468,0.458,1.175,4.849,14,G1_3
248,0.224,3.315,5.302,0.458,1.081,11.187,14,G1_4
249,0.264,2.662,6.248,0.579,1.113,7.735,15.33,G1_5
250,0.239,2.662,5.045,0.579,1.192,7.245,15.33,G1_6
251,0.148,2.662,3.016,0.579,1.074,7.901,15.33,G1_7
252,0.116,3.113,2.737,0.631,1.104,11.437,17.67,G1_8
253,0.222,3.113,4.977,0.631,1.127,8.299,17.67,G1_9
254,0.051,3.113,1.147,0.631,1.130,8.814,17.67,G1_10
255,0.079,3.113,1.731,0.631,1.235,10.301,17.67,G1_11
256,0.051,3.113,1.172,0.631,1.158,8.093,17.67,G1_12
257,0.106,3.113,2.421,0.631,1.125,5.838,17.67,G1_13
258,0.291,2.662,6.530,0.579,1.096,6.834,15.33,G1_14
259,0.127,2.277,2.836,0.231,1.166,9.946,5.4,H1_1
260,0.189,0.924,4.500,0.284,1.072,6.582,6,H1_2
261,0.031,2.277,0.497,0.231,1.089,2.908,5.4,H1_3
262,0.081,2.277,1.534,0.231,1.227,5.198,5.4,H1_4
263,0.066,2.277,1.593,0.231,1.078,3.355,5.4,H1_5
264,0.219,2.277,5.280,0.231,1.136,8.067,5.4,H1_6
265,0.104,2.277,2.615,0.231,1.086,8.966,5.4,H1_7
266,0.202,2.277,4.303,0.231,1.099,5.539,5.4,H1_8
267,0.017,0.000,0.362,0.020,1.164,1.224,0,H1_9
268,0.178,2.277,3.982,0.231,1.138,7.523,5.4,H1_10
269,0.112,1.121,1.958,0.163,1.107,3.968,6,H1_11
270,0.094,0.836,2.506,0.276,1.114,3.79,9.5,H1_12
271,0.047,0.836,1.405,0.276,1.210,5.045,9.5,H1_13
272,0.023,0.000,0.344,0.028,1.104,1.063,0,H1_14
273,0.127,1.059,2.615,0.169,1.126,5.985,7,H1_15
274,0.188,1.160,3.526,0.203,1.243,5.358,7,H1_16
275,0.284,1.841,5.359,0.186,1.200,5.612,11,H1_17
276,0.041,2.277,0.701,0.231,1.093,4.772,5.4,H1_18
277,0.165,2.277,3.601,0.231,1.108,5.999,5.4,H1_19
278,0.174,2.852,4.577,0.291,1.109,7.847,11.17,H2_1
279,0.304,2.852,6.735,0.291,1.090,7.848,11.17,H2_2
280,0.254,2.852,6.204,0.291,1.092,10.909,11.17,H2_3
281,0.225,2.852,5.152,0.291,1.111,5.945,11.17,H2_4
282,0.159,2.660,3.850,0.300,1.081,9.008,9,H2_5
283,0.327,2.852,7.057,0.291,1.137,4.749,11.17,H2_6
284,0.022,2.852,0.374,0.291,1.091,1.624,11.17,H2_7
285,0.024,1.374,0.318,0.061,1.071,0.888,3,H2_8
286,0.039,1.374,0.909,0.061,1.105,4.081,3,H2_9
287,0.134,1.764,3.103,0.238,1.086,7.815,9.33,H2_10
288,0.114,1.764,2.478,0.238,1.221,8.354,9.33,H2_11
289,0.166,1.764,3.395,0.238,1.135,7.411,9.33,H2_12
290,0.158,1.764,3.008,0.238,1.060,6.218,9.33,H2_13
291,0.123,1.764,2.643,0.238,1.089,8.196,9.33,H2_14
292,0.116,1.764,2.341,0.238,1.078,5.377,9.33,H2_15
293,0.130,1.829,3.043,0.205,1.125,8.037,8.8,H2_16
294,0.047,1.829,0.933,0.205,1.071,4.015,8.8,H2_17
295,0.222,1.829,4.337,0.205,1.320,7.993,8.8,H2_18
296,0.115,1.829,2.895,0.205,1.101,9.007,8.8,H2_19
297,0.190,1.829,3.814,0.205,1.178,3.087,8.8,H2_20
298,0.173,2.445,3.104,0.266,1.174,7.677,13.2,H3_1
299,0.209,2.445,3.671,0.266,1.126,2.61,13.2,H3_2
300,0.261,2.445,4.472,0.266,1.101,9.657,13.2,H3_3
301,0.253,2.445,5.870,0.266,1.101,8.139,13.2,H3_4
302,0.128,2.445,2.498,0.266,1.067,4.624,13.2,H3_5
303,0.206,2.949,4.056,0.439,1.184,11.646,17.82,H3_6
304,0.152,2.949,3.189,0.439,1.173,9.135,17.82,H3_7
305,0.176,2.949,3.407,0.439,1.072,5.602,17.82,H3_8
306,0.207,2.949,4.361,0.439,1.072,7.029,17.82,H3_9
307,0.130,2.949,3.328,0.439,1.088,9.386,17.82,H3_10
308,0.084,2.949,1.913,0.439,1.232,8.393,17.82,H3_11
309,0.328,2.949,7.176,0.439,1.132,1.252,17.82,H3_12
310,0.362,2.949,8.167,0.439,1.080,10.496,17.82,H3_13
311,0.189,2.949,3.831,0.439,1.098,8.038,17.82,H3_14
312,0.228,2.949,5.583,0.439,1.103,10.917,17.82,H3_15
313,0.720,2.949,17.724,0.439,1.102,8.025,17.82,H3_16
314,0.303,2.929,5.004,0.417,1.109,10.829,15.92,I1_1
315,0.198,2.929,3.627,0.417,1.144,7.536,15.92,I1_2
316,0.225,2.929,3.572,0.417,1.141,7.965,15.92,I1_3
317,0.414,2.929,6.647,0.417,1.086,3.704,15.92,I1_4
318,0.393,2.929,6.264,0.417,1.116,7.312,15.92,I1_5
319,0.372,2.929,5.881,0.417,1.136,7.753,15.92,I1_6
320,0.067,2.929,1.122,0.417,1.101,6.91,15.92,I1_7
321,0.154,2.929,3.543,0.417,1.113,10.921,15.92,I1_8
322,0.311,2.929,6.219,0.417,1.162,8.899,15.92,I1_9
323,0.304,2.929,5.707,0.417,1.115,3.756,15.92,I1_10
324,0.041,2.929,0.537,0.417,1.087,10.409,15.92,I1_11
325,0.212,2.929,3.171,0.417,1.148,6.204,15.92,I1_12
326,0.062,3.054,0.771,0.357,1.120,10.78,13.71,I1_13
327,0.257,3.054,3.843,0.357,1.176,10.701,13.71,I1_14
328,0.309,3.054,5.461,0.357,1.080,0.054,13.71,I1_15
329,0.128,3.054,2.326,0.357,1.078,6.853,13.71,I1_16
330,0.160,3.054,2.949,0.357,1.183,6.146,13.71,I1_17
331,0.151,3.054,3.059,0.357,1.115,6.869,13.71,I1_18
332,0.284,1.778,5.136,0.276,1.111,4.443,9,I1_19
333,0.194,3.054,3.748,0.357,1.101,6.87,13.71,I1_20
334,0.242,1.778,5.072,0.276,1.250,5.134,9,I1_21
335,0.225,1.778,3.970,0.276,1.149,6.175,9,I1_22
336,0.392,2.971,7.553,0.578,1.124,10.077,16.4,I2_1
337,0.368,2.971,5.639,0.578,1.104,6.493,16.4,I2_2
338,0.329,2.971,6.185,0.578,1.122,9.999,16.4,I2_3
339,0.440,2.971,7.740,0.578,1.115,10.166,16.4,I2_4
340,0.434,2.971,7.901,0.578,1.137,7.127,16.4,I2_5
341,0.312,2.971,6.730,0.578,1.086,6.844,16.4,I2_6
342,0.325,2.971,5.877,0.578,1.129,10.317,16.4,I2_7
343,0.389,2.971,6.693,0.578,1.104,10.897,16.4,I2_8
344,0.386,2.971,7.252,0.578,1.151,7.091,16.4,I2_9
345,0.386,2.971,8.139,0.578,1.143,5.175,16.4,I2_10
346,0.376,2.082,6.813,0.340,1.103,10.168,14.33,I2_11
347,0.547,2.082,9.566,0.340,1.113,6.706,14.33,I2_12
348,0.536,2.082,8.613,0.340,1.094,5.855,14.33,I2_13
349,0.295,2.082,5.473,0.340,1.144,8.18,14.33,I2_14
350,0.284,2.082,4.576,0.340,1.119,9.71,14.33,I2_15
351,0.296,2.082,5.243,0.340,1.164,4.63,14.33,I2_16
352,0.304,2.082,5.701,0.340,1.150,6.534,14.33,I2_17
353,0.313,2.082,5.249,0.340,1.154,5.049,14.33,I2_18
354,0.388,2.082,7.248,0.340,1.152,4.07,14.33,I2_19
355,0.240,1.330,4.844,0.149,1.056,6.705,8,J1_1
356,0.157,1.871,2.656,0.219,1.070,6.962,13,J1_2
357,0.167,2.127,2.853,0.219,1.058,5.678,11,J1_3
358,0.180,1.910,3.074,0.264,1.095,6.927,17.5,J1_4
359,0.224,1.425,4.089,0.174,1.077,5.106,13,J1_5
360,0.221,1.888,3.539,0.326,1.084,7.159,19,J1_6
361,0.246,2.319,4.437,0.256,1.060,6.961,14.14,J1_7
362,0.133,2.319,2.137,0.256,1.044,6.904,14.14,J1_8
363,0.025,0.437,0.208,0.028,1.055,0.886,2,J1_9
364,0.194,2.319,3.710,0.256,1.055,5.572,14.14,J1_10
365,0.096,2.319,1.527,0.256,1.074,4.439,14.14,J1_11
366,0.217,2.319,4.033,0.256,1.078,9.76,14.14,J1_12
367,0.115,2.319,2.008,0.256,1.064,7.81,14.14,J1_13
368,0.168,2.319,3.208,0.256,1.087,9.874,14.14,J1_14
369,0.148,2.770,2.617,0.344,1.066,9.245,18,J1_15
370,0.327,1.910,6.648,0.264,1.076,8.27,17.5,J1_16
371,0.082,2.095,1.330,0.218,1.063,7.428,14,J1_17
372,0.151,2.127,3.343,0.219,1.096,7.541,11,J1_18
373,0.086,0.000,1.749,0.046,1.058,2.574,1,J1_19
374,0.172,1.231,3.721,0.155,1.077,6.336,5,J1_20
375,0.134,1.901,2.174,0.163,1.073,6.312,7.67,J2_1
376,0.162,1.640,2.604,0.163,1.047,6.817,11,J2_2
377,0.164,1.973,2.180,0.213,1.056,5.842,12.33,J2_3
378,0.172,1.973,1.964,0.213,1.101,7.128,12.33,J2_4
379,0.096,0.950,0.985,0.230,1.082,4.425,13,J2_5
380,0.255,1.697,3.351,0.345,1.056,6.724,17,J2_6
381,0.140,1.737,1.527,0.229,1.076,6.185,13,J2_7
382,0.223,0.887,2.591,0.208,1.070,6.644,9,J2_8
383,0.047,0.432,0.446,0.122,1.067,2.7,4,J2_9
384,0.106,0.941,0.959,0.153,1.097,4.181,11,J2_10
385,0.087,2.960,0.600,0.259,1.083,9.428,13,J2_11
386,0.120,2.270,0.772,0.407,1.071,10.078,26,J2_12
387,0.129,2.377,0.641,0.328,1.083,8.239,22,J2_13
388,0.017,0.851,0.042,0.046,1.056,1.617,2,J2_14
389,0.116,2.266,1.029,0.402,1.079,7.803,24,J2_15
390,0.100,2.129,0.988,0.293,1.080,6.602,17,J2_16
391,0.124,1.973,1.461,0.213,1.080,10.014,12.33,J2_17
392,0.105,2.158,1.189,0.216,1.078,6.586,11,J2_18
393,0.103,1.901,1.078,0.163,1.113,5.849,7.67,J2_19
394,0.180,1.901,2.364,0.163,1.089,3.35,7.67,J2_20
395,0.132,1.672,2.084,0.141,1.044,6.833,9,J3_1
396,0.250,1.824,4.423,0.301,1.076,6.221,14.5,J3_2
397,0.146,1.824,2.389,0.301,1.090,7.038,14.5,J3_3
398,0.072,1.824,0.994,0.301,1.099,5.911,14.5,J3_4
399,0.165,2.561,2.763,0.210,1.112,5.239,11.5,J3_5
400,0.191,1.759,2.906,0.133,1.075,7.106,8,J3_6
401,0.058,0.538,0.849,0.068,1.123,1.889,2,J3_7
402,0.153,1.535,2.392,0.157,1.081,5.573,13,J3_8
403,0.123,3.139,2.221,0.159,1.065,6.997,7.5,J3_9
404,0.083,2.172,1.424,0.173,1.091,6.974,10.5,J3_10
405,0.122,0.228,2.352,0.073,1.068,4.079,4,J3_11
406,0.018,0.882,0.236,0.088,1.140,2.561,4,J3_12
407,0.247,0.882,4.640,0.088,1.086,4.541,4,J3_13
408,0.118,2.172,2.124,0.173,1.055,10.033,10.5,J3_14
409,0.071,3.139,0.815,0.159,1.105,7.492,7.5,J3_15
410,0.116,0.000,1.786,0.139,1.090,5.672,9,J3_16
411,0.075,1.759,1.428,0.133,1.075,5.355,8,J3_17
412,0.283,2.879,5.276,0.215,1.099,8.98,14,J3_18
413,0.109,2.561,2.033,0.210,1.085,10.475,11.5,J3_19
414,0.231,1.824,3.845,0.301,1.123,9.164,14.5,J3_20
415,0.013,0.000,0.297,0.013,1.082,0.438,1,K1_1
416,0.004,0.000,0.107,0.006,1.031,0.103,1,K1_2
417,0.010,0.244,0.277,0.033,1.116,1.273,2,K1_3
418,0.009,0.000,0.206,0.009,1.704,0.477,0,K1_4
419,0.041,0.428,1.115,0.058,1.095,2.799,2,K1_5
420,0.011,0.000,0.276,0.022,1.083,1.016,1,K1_6
421,0.006,0.000,0.157,0.006,1.168,0.18,1,K1_7
422,0.003,0.000,0.077,0.007,1.054,0.37,0,K1_8
423,0.011,0.000,0.211,0.012,1.071,0.503,0,K1_9
424,0.009,0.000,0.177,0.009,1.147,0.592,1,K1_10
425,0.010,0.000,0.183,0.006,1.077,0.26,1,K1_11
426,0.006,0.000,0.115,0.005,1.068,0.2,0,K1_12
427,0.009,0.000,0.181,0.001,1.049,0.085,0,K1_13
428,0.010,0.000,0.220,0.008,1.256,0.493,0,K1_14
429,0.012,0.428,0.226,0.058,1.759,0.431,2,K1_15
430,0.012,0.000,0.209,0.009,1.043,0.571,0,K1_16
431,0.009,0.000,0.188,0.010,1.800,0.577,0,K1_17
432,0.023,0.000,0.479,0.061,1.142,1.573,1,K2_1
433,0.012,0.000,0.259,0.030,1.074,1.336,1,K2_2
434,0.014,0.000,0.187,0.009,1.327,0.638,1,K2_3
435,0.006,0.000,0.114,0.008,1.269,0.376,0,K2_4
436,0.010,0.000,0.221,0.017,1.153,0.494,1,K2_5
437,0.034,0.546,0.814,0.085,1.060,2.308,5,K2_6
438,0.006,0.000,0.120,0.026,1.081,1.318,0,K2_7
439,0.009,0.000,0.176,0.018,1.136,0.874,1,K2_8
440,0.008,0.000,0.129,0.008,1.094,0.362,1,K2_9
441,0.012,0.000,0.168,0.007,1.203,0.244,1,K2_10
442,0.008,0.000,0.153,0.009,1.112,0.283,1,K2_11
443,0.008,0.000,0.122,0.007,1.071,0.176,1,K2_12
444,0.012,0.000,0.209,0.029,1.106,1.294,1,K2_13
445,0.012,0.000,0.185,0.007,1.082,0.321,1,K2_14
446,0.031,0.031,0.684,0.048,1.103,1.44,2,K2_15
447,0.010,0.072,0.145,0.034,1.119,1.081,3,K2_16
448,0.010,0.000,0.187,0.012,1.045,0.491,0,K2_17
449,0.007,0.000,0.118,0.004,1.028,0.231,0,K2_18
450,0.044,2.240,0.873,0.096,1.172,5.247,2,L1_1
451,0.070,1.560,1.570,0.159,1.212,7.548,3.5,L1_2
452,0.059,1.560,1.431,0.159,1.196,7.609,3.5,L1_3
453,0.085,1.153,1.648,0.145,1.157,6.224,5,L1_4
454,0.120,1.410,2.599,0.202,1.348,4.782,9.2,L1_5
455,0.072,1.410,1.372,0.202,1.393,7.511,9.2,L1_6
456,0.081,1.410,1.727,0.202,1.165,5.8,9.2,L1_7
457,0.051,1.410,1.029,0.202,1.134,6.883,9.2,L1_8
458,0.049,1.410,1.055,0.202,1.171,5.168,9.2,L1_9
459,0.127,1.547,2.476,0.233,1.178,4.428,11,L1_10
460,0.048,1.547,0.904,0.233,1.156,6.876,11,L1_11
461,0.086,1.739,1.440,0.128,1.136,4.823,5,L1_12
462,0.090,2.523,1.650,0.312,1.230,7.438,16.5,L1_13
463,0.166,1.217,2.844,0.114,1.206,3.568,4,L1_14
464,0.145,2.523,2.969,0.312,1.161,10.336,16.5,L1_15
465,0.069,1.517,1.472,0.210,1.175,7.06,8,L1_16
466,0.075,1.547,1.727,0.233,1.157,7.818,11,L1_17
467,0.037,0.000,0.900,0.128,1.160,8.181,1,L2_1
468,0.031,0.000,0.611,0.128,1.205,4.471,1,L2_2
469,0.060,1.833,1.220,0.158,1.097,6.329,8,L2_3
470,0.061,1.841,1.284,0.295,1.144,10.197,12.5,L2_4
471,0.117,1.841,2.587,0.295,1.142,7.554,12.5,L2_5
472,0.102,1.502,1.875,0.268,1.149,8.743,11,L2_6
473,0.075,1.846,1.159,0.296,1.336,7.342,12,L2_7
474,0.066,0.390,1.145,0.116,1.297,3.895,3,L2_8
475,0.141,1.939,2.131,0.270,1.193,8.365,10,L2_9
476,0.052,0.926,0.698,0.051,1.144,1.698,2,L2_10
477,0.094,2.017,1.383,0.230,1.184,6.181,9,L2_11
478,0.011,0.000,0.101,0.004,1.237,0.13,0,M1_1
479,0.015,0.000,0.138,0.007,1.036,0.436,0,M1_2
480,0.011,0.000,0.134,0.005,1.058,0.095,0,M1_3
481,0.030,0.000,0.457,0.021,1.066,1.023,1,M1_4
482,0.018,0.000,0.265,0.029,1.213,0.93,1,M1_5
483,0.016,0.000,0.167,0.013,1.093,0.406,1,M1_6
484,0.021,0.000,0.218,0.028,1.122,1.017,1,M1_7
485,0.005,0.000,0.036,0.006,1.049,0.085,1,M1_8
486,0.151,1.123,2.232,0.183,1.078,7.072,6,M1_9
487,0.013,0.000,0.138,0.007,1.010,0.339,0,M1_10
488,0.016,0.000,0.127,0.012,1.057,0.31,1,M1_11
489,0.020,0.000,0.215,0.023,1.144,0.952,0,M1_12
490,0.014,0.000,0.371,0.005,1.073,0.132,0,M1_13
491,0.139,0.503,1.976,0.169,1.123,4.553,3,M1_14
492,0.012,0.000,0.126,0.005,1.068,0.298,0,M1_15
493,0.027,0.000,0.427,0.040,1.085,2.068,0,M1_16
494,0.015,0.000,0.193,0.014,1.274,0.611,0,M2_1
495,0.014,0.000,0.147,0.010,1.077,0.174,1,M2_2
496,0.010,0.000,0.110,0.011,1.367,0.225,1,M2_3
497,0.057,0.000,0.722,0.072,1.060,3.342,1,M2_4
498,0.010,0.000,0.081,0.005,1.033,0.066,1,M2_5
499,0.031,0.261,0.373,0.056,1.066,2.266,2,M2_6
500,0.044,1.152,0.509,0.064,1.135,2.636,2,M2_7
501,0.014,0.000,0.133,0.012,1.080,0.295,2,M2_8
502,0.015,0.000,0.178,0.023,1.054,0.905,1,M2_9
503,0.017,0.000,0.163,0.017,1.102,0.483,1,M2_10
504,0.012,0.000,0.140,0.004,1.000,0.068,0,M2_11
505,0.012,0.000,0.149,0.014,1.033,0.478,1,M2_12
506,0.017,0.000,0.211,0.020,1.034,0.745,1,M2_13
507,0.009,0.000,0.115,0.012,1.043,0.583,1,M2_14
508,0.160,1.269,3.600,0.219,1.237,7.792,8,N1_1
509,0.006,0.000,0.119,0.026,1.269,1.35,0,N1_2
510,0.066,1.171,1.366,0.169,1.117,5.431,5.67,N1_3
511,0.019,0.000,0.373,0.047,1.197,1.893,1,N1_4
512,0.200,1.171,4.810,0.169,1.110,8.56,5.67,N1_5
513,0.066,1.171,1.298,0.169,1.178,4.958,5.67,N1_6
514,0.279,1.980,6.256,0.218,1.122,10.726,9.5,N1_7
515,0.069,1.980,1.519,0.218,1.136,4.12,9.5,N1_8
516,0.120,1.980,2.680,0.218,1.175,9.264,9.5,N1_9
517,0.059,1.980,1.557,0.218,1.195,5.578,9.5,N1_10
518,0.222,2.158,5.066,0.248,1.198,8.648,14,N1_11
519,0.074,2.158,1.673,0.248,1.136,6.077,14,N1_12
520,0.170,2.158,3.965,0.248,1.319,8.923,14,N1_13
521,0.096,2.158,2.141,0.248,1.207,8.254,14,N1_14
522,0.020,0.113,0.453,0.069,1.131,2.468,4,N1_15
523,0.128,1.980,3.033,0.218,1.178,7.336,9.5,N1_16
524,0.174,2.158,4.268,0.248,1.211,7.105,14,N1_17
525,0.120,1.980,2.884,0.218,1.159,5.618,9.5,N1_18
526,0.130,2.100,3.229,0.219,1.128,10.47,5.5,N2_1
527,0.155,2.144,3.720,0.144,1.108,6.383,4,N2_2
528,0.069,2.100,1.460,0.219,1.121,7.256,5.5,N2_3
529,0.051,2.100,1.301,0.219,1.145,6.068,5.5,N2_4
530,0.143,2.100,2.980,0.219,1.385,10.057,5.5,N2_5
531,0.078,0.337,1.611,0.043,1.487,2.12,2,N2_6
532,0.111,1.935,2.330,0.216,1.166,8.314,10.5,N2_7
533,0.025,1.935,0.583,0.216,1.125,6.872,10.5,N2_8
534,0.118,1.971,2.622,0.246,1.154,8.864,9,N2_9
535,0.162,2.167,3.003,0.180,1.131,5.391,5.5,N2_10
536,0.111,2.167,2.631,0.180,1.120,7.444,5.5,N2_11
537,0.371,2.482,8.099,0.241,1.125,8.845,11,N2_12
538,0.107,2.482,2.133,0.241,1.100,10.398,11,N2_13
539,0.089,2.186,1.968,0.150,1.149,7.745,8.5,N2_14
540,0.106,2.186,2.328,0.150,1.156,3.295,8.5,N2_15
541,0.126,2.482,2.882,0.241,1.284,1.072,11,N2_16
542,0.041,2.482,0.802,0.241,1.115,6.838,11,N2_17
543,0.020,0.000,0.276,0.037,1.089,1.347,1,O1_1
544,0.009,0.000,0.136,0.011,1.069,0.231,1,O1_2
545,0.021,0.142,0.269,0.021,1.078,0.584,2,O1_3
546,0.061,1.042,1.057,0.121,1.070,3.874,4,O1_4
547,0.008,0.000,0.146,0.009,1.046,0.155,0,O1_5
548,0.019,0.000,0.240,0.006,1.018,0.188,0,O1_6
549,0.136,1.454,2.152,0.121,1.047,5.987,4,O1_7
550,0.034,1.454,0.388,0.121,1.131,0.803,4,O1_8
551,0.028,0.000,0.293,0.031,1.068,0.955,0,O1_9
552,0.019,0.000,0.209,0.021,1.126,0.55,1,O1_10
553,0.013,0.000,0.176,0.031,1.080,0.896,0,O1_11
554,0.021,0.000,0.285,0.014,1.054,0.465,1,O1_12
555,0.096,2.207,1.959,0.217,1.083,6.41,8,O1_13
556,0.013,0.000,0.161,0.023,1.059,0.46,2,O1_14
557,0.025,0.000,0.276,0.057,1.058,2.292,1,O1_15
558,0.046,0.000,0.860,0.080,1.073,3.073,3,O1_16
559,0.020,0.000,0.267,0.019,1.082,0.303,1,O1_17
560,0.012,0.000,0.192,0.013,1.157,0.455,0,O2_1
561,0.014,0.000,0.159,0.022,1.058,0.191,1,O2_2
562,0.091,1.733,1.648,0.126,1.095,4.779,5,O2_3
563,0.028,0.000,0.482,0.017,1.055,0.957,0,O2_4
564,0.020,0.000,0.293,0.013,1.082,0.218,0,O2_5
565,0.012,0.000,0.159,0.027,1.221,0.809,0,O2_6
566,0.022,0.000,0.291,0.015,1.065,0.415,0,O2_7
567,0.025,0.000,0.273,0.043,1.073,1.35,1,O2_8
568,0.008,1.871,0.119,0.161,1.071,5.374,9,O2_9
569,0.019,0.000,0.219,0.015,1.104,0.254,1,O2_10
570,0.017,0.000,0.186,0.015,1.060,0.414,1,O2_11
571,0.030,0.000,0.382,0.025,1.143,0.821,0,O2_12
572,0.166,0.000,2.547,0.029,1.091,0.701,2,O2_13
573,0.023,0.000,0.215,0.023,1.071,0.524,1,O2_14
574,0.016,0.000,0.155,0.008,1.086,0.123,1,O2_15
575,0.034,0.000,0.353,0.012,1.077,0.369,1,O2_16
576,0.028,0.000,0.325,0.016,1.120,0.894,0,O2_17
577,0.018,0.000,0.279,0.029,1.082,0.839,2,P1_1
578,0.194,2.299,3.786,0.211,1.087,10.159,8.33,P1_2
579,0.046,2.299,1.021,0.211,1.131,5.238,8.33,P1_3
580,0.015,0.000,0.181,0.027,1.093,0.507,1,P1_4
581,0.028,0.440,0.330,0.052,1.085,1.05,4,P1_5
582,0.143,2.553,2.544,0.297,1.132,9.552,12.33,P1_6
583,0.009,2.553,0.099,0.297,1.122,9.191,12.33,P1_7
584,0.092,0.000,1.813,0.004,1.301,0.113,0,P1_8
585,0.006,1.435,0.111,0.256,1.140,5.188,12,P1_9
586,0.039,0.027,0.798,0.037,1.123,0.921,2,P1_10
587,0.017,1.929,0.228,0.392,1.216,7.364,22,P1_11
588,0.172,2.553,3.299,0.297,1.128,4.002,12.33,P1_12
589,0.040,0.000,0.505,0.016,1.087,0.335,1,P1_13
590,0.160,2.299,2.841,0.211,1.105,6.834,8.33,P1_14
591,0.021,0.025,0.336,0.034,1.076,0.783,2,P1_15
592,0.110,2.307,1.883,0.273,1.153,6.687,13,P1_16
593,0.077,2.555,0.531,0.102,1.203,6.266,2.5,Q1_1
594,0.049,2.555,0.335,0.102,1.227,1.833,2.5,Q1_2
595,0.173,0.468,1.130,0.033,1.113,0.77,2,Q1_3
596,0.053,2.672,0.366,0.311,1.200,9.815,16,Q1_4
597,0.171,2.672,1.197,0.311,1.135,8.39,16,Q1_5
598,0.265,2.672,2.147,0.311,1.350,7.701,16,Q1_6
599,0.075,2.303,0.837,0.340,1.187,7.069,15,Q1_7
600,0.029,1.534,0.187,0.124,1.254,4.894,6,Q1_8
601,0.103,2.318,0.856,0.229,1.233,7.822,12,Q1_9
602,0.064,2.664,0.481,0.283,1.191,8.233,14,Q1_10
603,0.021,2.392,0.157,0.279,1.203,8.044,11.5,Q1_11
604,0.107,2.392,0.845,0.279,1.120,6.691,11.5,Q1_12
605,0.153,2.794,1.158,0.258,1.252,10.452,14.33,Q1_13
606,0.094,2.794,0.818,0.258,1.108,2.578,14.33,Q1_14
607,0.191,2.794,2.053,0.258,1.179,7.307,14.33,Q1_15
608,0.160,2.794,1.107,0.258,1.160,8.576,14.33,Q1_16
609,0.059,2.794,0.336,0.258,1.164,3.058,14.33,Q1_17
610,0.156,2.794,1.526,0.258,1.167,4.906,14.33,Q1_18
611,0.043,1.948,0.406,0.164,1.149,6.146,8,Q2_1
612,0.134,1.948,0.930,0.164,1.086,1.614,8,Q2_2
613,0.165,2.847,1.271,0.546,1.171,9.907,28,Q2_3
614,0.226,2.847,1.787,0.546,1.179,10.207,28,Q2_4
615,0.011,0.000,0.085,0.017,1.060,0.993,1,Q2_5
616,0.101,2.880,0.785,0.508,1.168,9.264,22.43,Q2_6
617,0.065,2.880,0.594,0.508,1.063,1.201,22.43,Q2_7
618,0.150,2.880,1.208,0.508,1.168,9.884,22.43,Q2_8
619,0.093,2.880,0.827,0.508,1.202,10.7,22.43,Q2_9
620,0.131,2.880,1.111,0.508,1.246,8.94,22.43,Q2_10
621,0.123,2.880,1.005,0.508,1.220,4.095,22.43,Q2_11
622,0.158,2.880,1.465,0.508,1.242,11.152,22.43,Q2_12
623,0.124,1.935,1.148,0.154,1.102,5.735,6.67,Q2_13
624,0.104,1.935,0.924,0.154,1.335,4.635,6.67,Q2_14
625,0.107,1.935,0.865,0.154,1.288,5.703,6.67,Q2_15
626,0.008,0.000,0.050,0.013,1.327,0.296,1,R1_1
627,0.171,0.888,1.526,0.133,1.128,5.412,5,R1_2
628,0.018,0.888,0.153,0.133,1.118,2.807,5,R1_3
629,0.074,0.888,0.540,0.133,1.107,4.682,5,R1_4
630,0.059,0.888,0.510,0.133,1.154,3.533,5,R1_5
631,0.114,0.888,1.031,0.133,1.100,3.988,5,R1_6
632,0.007,0.000,0.049,0.026,1.088,0.738,1,R1_7
633,0.007,0.000,0.027,0.011,1.068,0.301,0,R1_8
634,0.168,1.800,1.534,0.108,1.097,7.427,7.33,R1_9
635,0.016,1.800,0.116,0.108,1.119,0.425,7.33,R1_10
636,0.050,1.800,0.440,0.108,1.267,2.012,7.33,R1_11
637,0.097,1.347,0.828,0.172,1.102,4.054,10,R1_12
638,0.306,1.892,3.637,0.223,1.123,7.383,17,R1_13
639,0.203,1.892,1.784,0.223,1.088,5.232,17,R1_14
640,0.241,0.886,1.919,0.073,1.135,2.31,6,R1_15
641,0.103,1.091,0.965,0.140,1.202,4.117,12,R2_1
642,0.018,0.000,0.166,0.028,1.081,0.973,1,R2_2
643,0.024,0.382,0.284,0.028,1.075,0.816,2,R2_3
644,0.017,0.000,0.159,0.021,1.069,0.477,1,R2_4
645,0.009,0.000,0.069,0.015,1.155,0.481,0,R2_5
646,0.029,0.447,0.277,0.067,1.090,1.043,5,R2_6
647,0.195,1.434,2.264,0.295,1.132,5.066,13,R2_7
648,0.113,2.384,1.167,0.133,1.146,6.869,9,R2_8
649,0.072,2.384,0.742,0.133,1.132,1.221,9,R2_9
650,0.027,2.384,0.353,0.133,1.037,0.461,9,R2_10
651,0.003,0.052,0.077,0.039,1.165,0.48,3,R2_11
652,0.015,0.000,0.100,0.010,1.055,0.257,0,R2_12
653,0.017,0.000,0.117,0.011,1.057,0.341,0,R2_13
654,0.022,0.000,0.202,0.028,1.134,0.437,2,R2_14
655,0.246,2.211,3.575,0.277,1.158,7.435,12,R2_15
656,0.057,1.294,0.646,0.111,1.084,3.596,7,R2_16
657,0.030,0.216,0.305,0.034,1.080,0.592,2,R2_17
658,0.034,0.466,0.443,0.063,1.056,1.372,5,R2_18
659,0.131,1.721,1.628,0.242,1.182,5.902,10,R2_19
660,0.114,1.604,1.334,0.235,1.171,4.844,11,R2_20
661,0.038,0.852,0.439,0.088,1.143,2.602,3,R2_21
662,0.079,0.000,1.651,0.030,1.243,1.104,1,S1_1
663,0.172,1.518,3.854,0.264,1.256,6.729,10,S1_2
664,0.117,0.000,2.704,0.068,1.097,6.499,1,S1_3
665,0.241,2.386,5.419,0.272,1.268,5.242,10,S1_4
666,0.301,2.386,6.402,0.272,1.119,8.629,10,S1_5
667,0.143,2.386,3.016,0.272,1.248,11.128,10,S1_6
668,0.064,2.386,1.058,0.272,1.141,3.175,10,S1_7
669,0.107,2.386,2.142,0.272,1.073,6.247,10,S1_8
670,0.270,2.794,5.888,0.330,1.248,6.936,11.89,S1_9
671,0.031,2.794,0.612,0.330,1.249,7.981,11.89,S1_10
672,0.191,2.794,4.587,0.330,1.127,9.909,11.89,S1_11
673,0.254,2.794,5.553,0.330,1.223,12.402,11.89,S1_12
674,0.240,2.794,4.378,0.330,1.355,5.411,11.89,S1_13
675,0.183,2.794,3.914,0.330,1.124,5.286,11.89,S1_14
676,0.205,2.794,4.390,0.330,1.303,5.213,11.89,S1_15
677,0.160,2.794,3.363,0.330,1.091,4.989,11.89,S1_16
678,0.002,2.794,0.039,0.330,1.113,8.629,11.89,S1_17
679,0.112,1.144,2.261,0.194,1.174,4.806,8,S1_18
680,0.175,2.044,3.842,0.230,1.244,2.662,11.5,S1_19
681,0.162,2.044,3.479,0.230,1.196,7.405,11.5,S1_20
682,0.028,0.579,0.476,0.085,1.243,3.112,4,S2_1
683,0.002,0.498,0.030,0.056,1.135,2.162,2,S2_2
684,0.054,0.393,1.087,0.131,1.134,5.031,4,S2_3
685,0.189,2.558,3.428,0.273,1.133,9.263,9.33,S2_4
686,0.207,2.558,3.840,0.273,1.120,4.338,9.33,S2_5
687,0.048,0.970,0.725,0.058,1.121,2.267,2,S2_6
688,0.080,1.984,1.472,0.173,1.176,4.088,6.75,S2_7
689,0.151,1.984,3.326,0.173,1.190,1.318,6.75,S2_8
690,0.057,1.984,1.227,0.173,1.170,2.374,6.75,S2_9
691,0.101,1.984,2.073,0.173,1.230,7.61,6.75,S2_10
692,0.102,3.277,2.106,0.208,1.156,3.764,8.5,S2_11
693,0.154,1.930,2.985,0.288,1.260,7.034,18,S2_12
694,0.188,3.277,4.761,0.208,1.624,8.894,8.5,S2_13
695,0.160,2.558,2.894,0.273,1.271,4.828,9.33,S2_14
696,0.111,2.103,2.229,0.246,1.216,7.267,8.88,S2_15
697,0.058,2.103,0.933,0.246,1.196,6.782,8.88,S2_16
698,0.135,2.103,2.473,0.246,1.164,7.619,8.88,S2_17
699,0.110,2.103,1.900,0.246,1.141,3.322,8.88,S2_18
700,0.199,2.103,4.060,0.246,1.184,1.948,8.88,S2_19
701,0.083,2.103,1.396,0.246,1.134,5.653,8.88,S2_20
702,0.159,2.103,2.885,0.246,1.262,6.106,8.88,S2_21
703,0.100,2.103,1.780,0.246,1.195,2.855,8.88,S2_22
704,0.031,0.391,0.627,0.062,1.151,1.436,4,T1_1
705,0.012,0.000,0.228,0.044,1.085,1.277,1,T1_2
706,0.128,2.161,3.169,0.256,1.067,5.999,10,T1_3
707,0.015,0.762,0.317,0.120,1.081,5.879,4.5,T1_4
708,0.075,0.000,1.755,0.020,1.051,0.596,1,T1_5
709,0.014,0.000,0.347,0.055,1.097,1.494,3,T1_6
710,0.019,0.762,0.361,0.120,1.152,0.547,4.5,T1_7
711,0.045,0.260,0.902,0.032,1.052,0.501,3,T1_8
712,0.024,0.478,0.438,0.086,1.112,1.403,9,T1_9
713,0.044,1.374,0.918,0.132,1.079,2.938,3,T1_10
714,0.015,0.000,0.340,0.028,1.075,0.479,1,T1_11
715,0.085,0.456,2.012,0.160,1.118,2.525,5,T1_12
716,0.011,0.000,0.126,0.015,1.212,0.231,1,T2_1
717,0.012,0.025,0.119,0.074,1.071,2.238,3,T2_2
718,0.134,1.670,2.304,0.355,1.098,5.884,18,T2_3
719,0.076,1.360,1.298,0.223,1.065,4.548,10,T2_4
720,0.162,1.389,3.066,0.145,1.076,6.447,6.25,T2_5
721,0.024,1.389,0.348,0.145,1.079,2.298,6.25,T2_6
722,0.019,1.389,0.294,0.145,1.148,2.802,6.25,T2_7
723,0.042,1.299,0.487,0.157,1.116,3.638,11,T2_8
724,0.107,0.989,1.816,0.115,1.107,3.872,6.5,T2_9
725,0.048,0.059,0.646,0.022,1.086,0.365,3,T2_10
726,0.050,1.389,0.749,0.145,1.081,0.746,6.25,T2_11
727,0.157,1.918,3.101,0.271,1.067,5.765,11,T2_12
728,0.184,1.995,3.235,0.243,1.096,5.521,11,T2_13
729,0.042,0.035,0.531,0.040,1.121,0.837,3,T2_14
730,0.051,0.000,0.484,0.063,1.111,0.999,1,T2_15
731,0.023,0.000,0.330,0.031,1.097,0.546,1,T2_16
732,0.061,0.859,1.114,0.121,1.090,2.956,4,T2_17
733,0.025,0.000,0.348,0.043,1.148,0.766,1,T2_18
734,0.020,0.349,0.403,0.032,1.095,0.989,2,T2_19
735,0.033,0.989,0.543,0.115,1.092,0.197,6.5,T2_20
